1 8 . 8 5 ,, ,
,
1 8 . 3 6 ,, ,
,
1 8 . 8 5 ,, ,
,
1 8 . 8 5 ,, ,
,
1 8 . 8 5 ,, ,
,
1 8 . 8 5 ,, ,
,
1 8 . 8 5 ,, ,
,
1 7 . 8 7 ,, ,
,
1 8 . 3 6 ,, ,
,
1 7 . 3 8 ,, ,
,
1 8 . 8 5 ,, ,
,
1 7 . 8 7 ,, ,
,
1 8 . 3 6 ,, ,
,
2 4 . 7 1 ,, ,
,
2 7 . 1 5 ,, ,
,
2 7 . 6 4 ,, ,
,
2 6 . 1 7 ,, ,
,
2 3 . 7 3 ,, ,
,
2 2 . 2 7 ,, ,
,
2 1 . 7 8 ,, ,
,
2 1 . 2 9 ,, ,
,
2 0 . 3 1 ,, ,
,
1 9 . 3 4 ,, ,
,
1 9 . 3 4 ,, ,
,
1 8 . 8 5 ,, ,
,
1 8 . 8 5 ,, ,
,
1 8 . 8 5 ,, ,
,
1 8 . 8 5 ,, ,
,
1 8 . 8 5 ,, ,
,
1 9 . 3 4 ,, ,
,
1 9 . 3 4 ,, ,
,
1 8 . 8 5 ,, ,
,
1 8 . 8 5 ,, ,
,
1 9 . 3 4 ,, ,
,
1 8 . 3 6 ,, ,
,
1 8 . 8 5 ,, ,
,
1 8 . 8 5 ,, ,
,
1 9 . 3 4 ,, ,
,
1 9 . 3 4 ,, ,
,
1 8 . 8 5 ,, ,
,
1 8 . 3 6 ,, ,
,
